id_fato,submission_id,created_at,duracao_segundos,clima,origem,versao_form,description,id_user_tipo,user_tipo,id_emocao_atual,emocao_atual,intensidade_atual,id_emocao_maioria,emocao_maioria,intensidade_maioria,id_emocao_ultimo,emocao_ultimo,intensidade_ultimo,id_causa,causa,pulou_causa
164,810283b7-6f39-4639-beb3-6573afec8be3,2025-10-23 23:06:04.056393+00,68,null,null,v2.0.0,"Estou cansado e com raiva desses filhos da puta do meu grupo que n√£o fazem merda nenhuma desejo tudo de ruim para eles, me recuso a carregar antas",2,Aluno,4,INDIFEREN√áA,5,5,RAIVA,5,5,RAIVA,5,2,ESTUDO,false
163,807b8f17-ee94-499a-bf41-9ead94f5cfc7,2025-10-23 23:04:35.837976+00,46,null,null,v2.0.0,,2,Aluno,1,ALEGRIA,2,4,INDIFEREN√áA,5,2,OTIMISMO,2,2,ESTUDO,false
162,b81012fd-6734-40f9-92b2-b6939228feb9,2025-10-23 00:59:13.452719+00,32,null,null,v2.0.0,Apaixonado no Davi üòç,2,Aluno,3,PAIX√ÉO,4,3,PAIX√ÉO,3,4,INDIFEREN√áA,4,4,RELACIONAMENTO,false
161,02c8f86a-4470-496e-9ad4-8c7f37f8e7dc,2025-10-23 00:57:28.893837+00,93,null,null,v2.0.0,,1,Professor,2,OTIMISMO,4,2,OTIMISMO,4,2,OTIMISMO,4,4,RELACIONAMENTO,false
160,91a38808-5fbc-4e4b-b0f8-f3307ba13bda,2025-10-23 00:52:02.27428+00,60,null,null,v2.0.0,Fui demitido estou p√©ssimo,1,Professor,6,ANSIEDADE,3,7,TRISTEZA,3,4,INDIFEREN√áA,1,3,TRABALHO,false
159,af63527e-76c4-4c9b-b31f-b671542797ee,2025-10-23 00:50:18.65668+00,24,null,null,v2.0.0,MENG√ÉO VAI GANHAR PORRA,2,Aluno,2,OTIMISMO,5,1,ALEGRIA,5,2,OTIMISMO,5,1,FAMILIA,false
158,d2896248-bd0a-4a55-a09e-61edaaab3a81,2025-10-23 00:49:47.574257+00,77,null,null,v2.0.0,hoje tem jogo do mengao,2,Aluno,2,OTIMISMO,4,6,ANSIEDADE,2,1,ALEGRIA,3,3,TRABALHO,false
157,f33d74f5-16ea-4e31-b7c2-58779499ec99,2025-10-23 00:47:24.74537+00,19,null,null,v2.0.0,,2,Aluno,2,OTIMISMO,5,6,ANSIEDADE,5,3,PAIX√ÉO,1,1,FAMILIA,false
156,4b635ad3-4409-4675-a56f-daeff4d4a97a,2025-10-23 00:46:40.676656+00,79,null,null,v2.0.0,Barrola viado,2,Aluno,5,RAIVA,4,5,RAIVA,5,5,RAIVA,5,2,ESTUDO,false
155,7d096736-5d30-4ee5-b637-93d0ef26297e,2025-10-22 22:19:07.210515+00,30,null,null,v2.0.0,t√¥ apaixonado numa professora muito gata,2,Aluno,3,PAIX√ÉO,5,7,TRISTEZA,5,1,ALEGRIA,4,4,RELACIONAMENTO,false
154,053be49f-412b-41dd-a171-288eb0496990,2025-10-22 21:49:56.889175+00,60,null,null,v2.0.0,estou bem,2,Aluno,2,OTIMISMO,4,4,INDIFEREN√áA,4,2,OTIMISMO,2,1,FAMILIA,false
153,6e8a2be7-b4bd-4eb4-beb5-a09dd18ac7cc,2025-10-22 00:51:16.832399+00,31,null,null,v2.0.0,passar por entrevistas me deixa muito nervoso e ansioso,2,Aluno,7,TRISTEZA,2,2,OTIMISMO,5,6,ANSIEDADE,1,4,RELACIONAMENTO,false
152,f7efa0f4-66c9-4d56-b125-2aca9108e8e6,2025-10-22 00:47:57.359499+00,27,null,null,v2.0.0,,2,Aluno,6,ANSIEDADE,3,6,ANSIEDADE,4,6,ANSIEDADE,5,2,ESTUDO,false
151,d6dca425-c7e0-4ddb-bacc-5841b0f5b59a,2025-10-22 00:47:18.64155+00,58,null,null,v2.0.0,Roubaram minha garrafa,2,Aluno,2,OTIMISMO,5,6,ANSIEDADE,3,5,RAIVA,4,2,ESTUDO,false
150,360e7b34-181d-4fe4-a712-eccdda17800e,2025-10-22 00:45:57.019195+00,27,null,null,v2.0.0,minha fam√≠lia √© muito dura comigo,2,Aluno,6,ANSIEDADE,4,1,ALEGRIA,4,1,ALEGRIA,4,1,FAMILIA,false
149,69d00270-6260-4ed4-b2b2-e4c7a9009fa0,2025-10-22 00:40:41.751902+00,40,null,null,v2.0.0,"essa semana t√° foda, j√° t√¥ esperando a pr√≥xima, e assim minha vida vai passando e acabando... üíÄ",2,Aluno,2,OTIMISMO,3,5,RAIVA,3,6,ANSIEDADE,3,3,TRABALHO,false
148,030216c8-89e9-46da-8e4c-58487e1bf8dd,2025-10-22 00:39:54.726879+00,11,null,null,v2.0.0,,2,Aluno,4,INDIFEREN√áA,5,4,INDIFEREN√áA,5,4,INDIFEREN√áA,5,2,ESTUDO,false
147,491ad766-12a4-4d2a-9a7b-f1ac7711ca69,2025-10-22 00:36:06.796319+00,214,null,null,v2.0.0,"estou sei l√°, meio indiferente hoje",2,Aluno,7,TRISTEZA,3,6,ANSIEDADE,1,1,ALEGRIA,3,2,ESTUDO,false
146,fddf24a1-973c-422c-ba47-1543e33a0195,2025-10-22 00:31:17.615476+00,34,null,null,v2.0.0,meu chefe √© um bosta,1,Professor,2,OTIMISMO,4,2,OTIMISMO,5,5,RAIVA,5,3,TRABALHO,false
145,f40d402e-f8c1-4759-893f-d28c0e395201,2025-10-22 00:30:33.890464+00,55,null,null,v2.0.0,"semana passada tava ruim, hoje eu t√¥ bom",2,Aluno,2,OTIMISMO,3,6,ANSIEDADE,4,4,INDIFEREN√áA,4,2,ESTUDO,false
144,d10a569a-a78a-458d-b860-d63c09386b5a,2025-10-22 00:29:32.493329+00,11,null,null,v2.0.0,,2,Aluno,1,ALEGRIA,5,1,ALEGRIA,5,1,ALEGRIA,5,3,TRABALHO,false
143,fc9f148e-7f80-4b7f-ad8b-9a874d3ae314,2025-10-22 00:26:37.959797+00,42,null,null,v2.0.0,"t√¥ feliz, apenas isso",2,Aluno,1,ALEGRIA,5,1,ALEGRIA,5,1,ALEGRIA,5,1,FAMILIA,false
142,b9a9dcdf-673d-449b-951f-8305dd5b9e55,2025-10-21 17:38:33.164225+00,66,null,null,v2.0.0,Bem demais!,2,Aluno,2,OTIMISMO,3,2,OTIMISMO,4,7,TRISTEZA,2,2,ESTUDO,false
141,f0f82040-c56b-4985-a5af-f5067f841f60,2025-10-21 00:27:03.142823+00,67,null,null,v2.0.0,,2,Aluno,2,OTIMISMO,3,2,OTIMISMO,4,3,PAIX√ÉO,5,4,RELACIONAMENTO,false
140,7eef9f72-e117-4e3c-a269-b20751f103ad,2025-10-16 23:56:36.950572+00,104,null,null,v2.0.0,,1,Professor,1,ALEGRIA,0,2,OTIMISMO,3,1,ALEGRIA,2,1,FAMILIA,false
139,99869ee8-e523-4cb8-8699-494c5ff80d70,2025-10-16 23:55:09.454358+00,34,null,null,v2.0.0,,1,Professor,1,ALEGRIA,5,2,OTIMISMO,5,6,ANSIEDADE,5,2,ESTUDO,false
138,c1263399-bdd5-49fb-86d4-d2ea5004fbeb,2025-10-16 23:54:09.05464+00,37,null,null,v2.0.0,,1,Professor,2,OTIMISMO,3,2,OTIMISMO,3,2,OTIMISMO,3,3,TRABALHO,false
137,d4321f95-8070-47b5-818d-fa1a68803c58,2025-10-16 23:54:06.630468+00,78,null,null,v2.0.0,,2,Aluno,1,ALEGRIA,3,2,OTIMISMO,3,7,TRISTEZA,2,2,ESTUDO,false
136,313bd928-00ce-44b6-800f-ce1c37f0c0e0,2025-10-16 23:53:34.564416+00,54,null,null,v2.0.0,,2,Aluno,1,ALEGRIA,4,1,ALEGRIA,4,7,TRISTEZA,3,4,RELACIONAMENTO,false
135,ddd83b67-5547-4def-8ca6-d343e59dc03e,2025-10-16 23:53:15.785516+00,61,null,null,v2.0.0,Excelente,2,Aluno,2,OTIMISMO,4,2,OTIMISMO,3,2,OTIMISMO,4,3,TRABALHO,false
134,47284088-b0a5-44e0-9602-f16ee35ee4ce,2025-10-16 23:52:58.878319+00,60,null,null,v2.0.0,,2,Aluno,4,INDIFEREN√áA,3,1,ALEGRIA,3,2,OTIMISMO,3,2,ESTUDO,false
133,05d8ff63-7cc0-44ab-b3d6-2e71075d148c,2025-10-16 23:50:57.87845+00,86,null,null,v2.0.0,Ansioso para avaliar os banners,1,Professor,1,ALEGRIA,4,2,OTIMISMO,3,6,ANSIEDADE,1,3,TRABALHO,false
132,89f6ba0a-c202-4056-bee2-b633b1db042d,2025-10-16 23:48:18.803209+00,32,null,null,v2.0.0,,2,Aluno,2,OTIMISMO,2,4,INDIFEREN√áA,4,2,OTIMISMO,2,2,ESTUDO,false
131,13c8b433-c38a-43cb-9f6e-66ffd05bc3b2,2025-10-16 23:45:23.652818+00,43,null,null,v2.0.0,,2,Aluno,1,ALEGRIA,4,1,ALEGRIA,5,1,ALEGRIA,4,1,FAMILIA,false
130,cb79db3f-35c9-4490-b0c6-f95d88bd3f50,2025-10-16 22:45:51.721823+00,55,null,null,v2.0.0,,2,Aluno,4,INDIFEREN√áA,3,4,INDIFEREN√áA,2,5,RAIVA,3,4,RELACIONAMENTO,false
129,8d00fe06-8484-4527-abb8-fdbad05942c8,2025-10-16 22:42:53.606312+00,42,null,null,v2.0.0,,2,Aluno,5,RAIVA,3,7,TRISTEZA,3,7,TRISTEZA,5,4,RELACIONAMENTO,false
128,14999587-2e0e-4ccf-899c-acfc6f39d654,2025-10-16 22:19:21.834834+00,38,null,null,v2.0.0,Barrola,2,Aluno,4,INDIFEREN√áA,4,2,OTIMISMO,4,2,OTIMISMO,4,3,TRABALHO,false
127,17774c2c-601d-4683-8827-1aa227375522,2025-10-16 22:16:08.004136+00,72,null,null,v2.0.0,bem,2,Aluno,1,ALEGRIA,3,2,OTIMISMO,4,6,ANSIEDADE,3,2,ESTUDO,false
126,3d2528a6-3389-444e-afec-9acf5d2a3a2e,2025-10-16 22:15:55.798927+00,123,null,null,v2.0.0,bem,2,Aluno,2,OTIMISMO,3,2,OTIMISMO,4,2,OTIMISMO,4,3,TRABALHO,false
125,68749e76-48eb-40b7-bd93-0b72b3d3ddd2,2025-10-16 22:07:52.201797+00,44,null,null,v2.0.0,Feliz!,2,Aluno,3,PAIX√ÉO,2,1,ALEGRIA,4,1,ALEGRIA,3,2,ESTUDO,false
124,e32b050a-9d47-4e01-927b-fced460d389f,2025-10-16 22:07:32.34808+00,45,null,null,v2.0.0,,2,Aluno,1,ALEGRIA,3,1,ALEGRIA,3,1,ALEGRIA,3,1,FAMILIA,false
123,07c52ff3-c4db-4da8-8912-306da9aba7ca,2025-10-16 21:22:33.552936+00,75,null,null,v2.0.0,"bem, quero fazer amor com o Davi specia",2,Aluno,1,ALEGRIA,5,2,OTIMISMO,5,1,ALEGRIA,5,4,RELACIONAMENTO,false
122,d1162eb3-0bc6-46aa-8811-de039e89a214,2025-10-15 22:28:04.10968+00,91,null,null,v2.0.0,bravo üò°,2,Aluno,5,RAIVA,5,5,RAIVA,5,6,ANSIEDADE,2,2,ESTUDO,false
121,7bc8afcf-d7fc-49a8-851b-c5ad58b5205f,2025-10-15 22:10:58.173917+00,37,null,null,v2.0.0,bem,2,Aluno,2,OTIMISMO,4,2,OTIMISMO,4,2,OTIMISMO,3,2,ESTUDO,false
120,f9a17e06-0405-4d1a-bb9c-8b9c957aea42,2025-10-15 22:10:08.786501+00,110,null,null,v2.0.0,,2,Aluno,4,INDIFEREN√áA,2,2,OTIMISMO,3,1,ALEGRIA,4,4,RELACIONAMENTO,false
119,ff7119cd-996e-4e34-a564-7f753f9620a8,2025-10-15 22:03:47.180335+00,43,null,null,v2.0.0,,2,Aluno,1,ALEGRIA,4,1,ALEGRIA,4,1,ALEGRIA,4,4,RELACIONAMENTO,false
118,5e6cf60c-abd4-40ab-b812-0ff2fd35889d,2025-10-09 00:46:16.455422+00,48,null,null,v2.0.0,,2,Aluno,4,INDIFEREN√áA,2,6,ANSIEDADE,2,4,INDIFEREN√áA,3,2,ESTUDO,false
117,4622f626-baa3-4592-a969-4c9601421b00,2025-10-09 00:45:18.138975+00,53,null,null,v2.0.0,,2,Aluno,2,OTIMISMO,0,2,OTIMISMO,4,1,ALEGRIA,4,4,RELACIONAMENTO,false
116,a4eb0093-14a2-41d4-be74-882e663b4ccd,2025-10-09 00:44:14.389067+00,58,null,null,v2.0.0,,2,Aluno,6,ANSIEDADE,4,2,OTIMISMO,5,6,ANSIEDADE,5,2,ESTUDO,false
115,6e14b915-a70e-447a-872b-fd3c59f90758,2025-10-09 00:41:56.464051+00,58,null,null,v2.0.0,,2,Aluno,1,ALEGRIA,1,6,ANSIEDADE,3,7,TRISTEZA,4,3,TRABALHO,false
114,844a0500-bb3a-4bfd-ab2f-8ed42ef3c45d,2025-10-09 00:40:46.216214+00,62,null,null,v2.0.0,"estou me sentindo muito bem, com pensamentos positivos, principalmente depois da semana de provas da universidade",2,Aluno,2,OTIMISMO,3,1,ALEGRIA,3,6,ANSIEDADE,4,2,ESTUDO,false
113,f0b90978-0a58-4ce6-8fe0-024ee989900f,2025-10-09 00:37:38.561962+00,115,null,null,v2.0.0,ap√°tica,2,Aluno,1,ALEGRIA,3,6,ANSIEDADE,3,1,ALEGRIA,3,1,FAMILIA,false
112,65042168-ce89-432b-b1e6-6285fa49aed0,2025-10-09 00:35:34.38784+00,31,null,null,v2.0.0,,2,Aluno,4,INDIFEREN√áA,3,4,INDIFEREN√áA,4,4,INDIFEREN√áA,1,2,ESTUDO,false
111,9ff7eb87-3249-49b4-a2c4-2c1516986cd3,2025-10-09 00:34:49.763639+00,68,null,null,v2.0.0,,2,Aluno,2,OTIMISMO,3,3,PAIX√ÉO,5,7,TRISTEZA,5,4,RELACIONAMENTO,false
110,f2d53e64-bbcc-4f65-aa58-73f56a846002,2025-10-09 00:30:13.412972+00,88,null,null,v2.0.0,,1,Professor,1,ALEGRIA,5,1,ALEGRIA,5,1,ALEGRIA,0,2,ESTUDO,false
109,0e7bdd99-bab3-4ef9-bd8c-8454cb8a5f30,2025-10-09 00:27:50.622468+00,72,null,null,v2.0.0,Estou feliz e otimista pelas conquistas.,1,Professor,2,OTIMISMO,5,2,OTIMISMO,4,6,ANSIEDADE,3,2,ESTUDO,false
108,42aa7f81-841c-4f60-9d03-f90cc445791e,2025-10-09 00:26:24.518214+00,162,null,null,v2.0.0,,2,Aluno,4,INDIFEREN√áA,5,4,INDIFEREN√áA,5,2,OTIMISMO,3,3,TRABALHO,false
107,6b09a245-49f1-4a69-8b47-3e903d5beaf0,2025-10-09 00:23:13.463349+00,32,null,null,v2.0.0,T√¥ em uma semana meio perturbada,2,Aluno,6,ANSIEDADE,5,7,TRISTEZA,3,2,OTIMISMO,4,1,FAMILIA,false
106,10982b8b-c0d1-420b-99a3-dc773d9b40be,2025-10-09 00:22:31.029855+00,47,null,null,v2.0.0,,2,Aluno,2,OTIMISMO,4,6,ANSIEDADE,5,6,ANSIEDADE,3,2,ESTUDO,false
105,250f41c7-4287-4c3c-bedf-742ce2c97b4a,2025-10-09 00:21:30.624751+00,146,null,null,v2.0.0,t√¥ ansioso com o trabalho e uma viagem que fareia amanh√£,2,Aluno,6,ANSIEDADE,3,6,ANSIEDADE,3,1,ALEGRIA,3,3,TRABALHO,false
104,da613994-0f77-4b87-acdd-2b65ae2a14c7,2025-10-09 00:16:02.999621+00,65,null,null,v2.0.0,,2,Aluno,1,ALEGRIA,5,1,ALEGRIA,5,1,ALEGRIA,5,3,TRABALHO,false
103,a1abf88d-5a8f-4e8e-9088-f3ab87489544,2025-10-09 00:14:51.373412+00,105,null,null,v2.0.0,cin,2,Aluno,2,OTIMISMO,5,3,PAIX√ÉO,3,3,PAIX√ÉO,4,4,RELACIONAMENTO,false
102,a50a64ef-a82a-4d90-9526-25c67d682d3d,2025-10-09 00:12:49.457639+00,29,null,null,v2.0.0,Davi Veado,2,Aluno,7,TRISTEZA,5,4,INDIFEREN√áA,1,7,TRISTEZA,4,2,ESTUDO,false
101,d706f00b-219a-47aa-8ff4-7cead78f39cf,2025-10-09 00:10:35.513893+00,59,null,null,v2.0.0,muito bem,2,Aluno,2,OTIMISMO,5,2,OTIMISMO,4,6,ANSIEDADE,4,1,FAMILIA,false
100,13ab3168-7af1-4cc5-a4f6-f56e0dc9a229,2025-10-09 00:09:11.970987+00,107,null,null,v2.0.0,no momento estou bem por√©m os problemas est√£o a√≠,2,Aluno,6,ANSIEDADE,3,6,ANSIEDADE,4,4,INDIFEREN√áA,2,3,TRABALHO,false
99,fc35be07-92e0-4615-ac54-9dd4cc5ccb8a,2025-10-09 00:07:03.242879+00,63,null,null,v2.0.0,neutro,2,Aluno,4,INDIFEREN√áA,3,6,ANSIEDADE,2,6,ANSIEDADE,2,2,ESTUDO,false
98,d282a4ab-dca6-4162-bc94-966c5ab6679e,2025-10-09 00:05:31.161297+00,13,null,null,v2.0.0,mal,2,Aluno,5,RAIVA,0,5,RAIVA,0,5,RAIVA,0,4,RELACIONAMENTO,false
97,ae6293b2-7e97-4e94-8fa2-52064cd352a9,2025-10-09 00:05:04.488195+00,41,null,null,v2.0.0,,2,Aluno,2,OTIMISMO,2,1,ALEGRIA,2,3,PAIX√ÉO,3,2,ESTUDO,false
96,2e0d988f-049f-40ca-be43-3dd83042b8df,2025-10-09 00:03:59.404264+00,149,null,null,v2.0.0,clicado,2,Aluno,6,ANSIEDADE,4,2,OTIMISMO,0,5,RAIVA,5,1,FAMILIA,false
95,3a42b454-b188-4523-a0ef-1acb1e08ff86,2025-09-25 23:17:20.674762+00,131,null,null,v2.0.0,"estou um pouco cansado, devido a semana de provas",2,Aluno,1,ALEGRIA,4,2,OTIMISMO,4,4,INDIFEREN√áA,4,2,ESTUDO,false
94,55133dd8-9081-4b5c-a4d1-5a574716d4bc,2025-09-25 23:12:22.178821+00,57,null,null,v2.0.0,,2,Aluno,2,OTIMISMO,3,2,OTIMISMO,3,2,OTIMISMO,3,1,FAMILIA,false
93,1c7a0383-e0ac-46d0-b065-fdf8db821320,2025-09-25 23:11:10.171667+00,40,null,null,v2.0.0,ansiosa,2,Aluno,5,RAIVA,2,6,ANSIEDADE,2,6,ANSIEDADE,2,2,ESTUDO,false
92,f3458d59-0fe3-4da9-8b52-b7f8ee1bbc92,2025-09-25 23:10:13.774709+00,73,null,null,v2.0.0,Bem,2,Aluno,1,ALEGRIA,4,2,OTIMISMO,0,2,OTIMISMO,3,2,ESTUDO,false
91,694b4c64-b274-494b-8720-abf59d4f304e,2025-09-25 23:07:28.686799+00,60,null,null,v2.0.0,Tristeza por prova,2,Aluno,7,TRISTEZA,3,4,INDIFEREN√áA,5,6,ANSIEDADE,4,2,ESTUDO,false
90,1765815e-c7eb-4e68-9101-41ba1aa5f29a,2025-09-25 23:06:10.937203+00,55,null,null,v2.0.0,,2,Aluno,2,OTIMISMO,4,2,OTIMISMO,5,1,ALEGRIA,5,4,RELACIONAMENTO,false
89,65f58423-9a07-44cf-8e57-048ca9254533,2025-09-25 23:01:47.10901+00,64,null,null,v2.0.0,,2,Aluno,6,ANSIEDADE,3,4,INDIFEREN√áA,4,6,ANSIEDADE,3,1,FAMILIA,false
88,a50450a2-b66d-49c2-8f08-0c5e2e34fe95,2025-09-25 23:00:28.78833+00,118,null,null,v2.0.0,T√¥ muito bem,2,Aluno,1,ALEGRIA,4,2,OTIMISMO,4,6,ANSIEDADE,5,3,TRABALHO,false
87,1dc12a7d-f5c3-4c5a-a40f-a8f212280472,2025-09-25 22:58:17.071954+00,100,null,null,v2.0.0,no momento com raiva do rejei√ß√£o do trabalho e apatia devido a prova de Django,2,Aluno,5,RAIVA,4,4,INDIFEREN√áA,5,7,TRISTEZA,3,3,TRABALHO,false
86,2ecfecbb-f7f5-4fbc-a089-e60e2acdd3b1,2025-09-25 22:55:49.781403+00,48,null,null,v2.0.0,,1,Professor,4,INDIFEREN√áA,5,4,INDIFEREN√áA,5,4,INDIFEREN√áA,5,1,FAMILIA,false
85,0ed35aa7-896b-491d-bb33-e269fef006f1,2025-09-25 22:54:45.491345+00,157,null,null,v2.0.0,satisfeito pela busca  vit√≥ria realiza√ß√£o,1,Professor,2,OTIMISMO,4,1,ALEGRIA,3,1,ALEGRIA,4,1,FAMILIA,false
84,991accbe-9302-40e7-b594-67d74537e893,2025-09-25 22:51:13.704344+00,43,null,null,v2.0.0,,2,Aluno,4,INDIFEREN√áA,0,4,INDIFEREN√áA,5,6,ANSIEDADE,3,4,RELACIONAMENTO,false
83,3a6543d1-a26e-4d1c-9348-cb84fdb57d3f,2025-09-25 22:50:20.345722+00,62,null,null,v2.0.0,,2,Aluno,1,ALEGRIA,5,2,OTIMISMO,4,1,ALEGRIA,4,3,TRABALHO,false
82,fc06dc31-eec5-48eb-a77e-797daff33873,2025-09-25 22:49:06.72582+00,58,null,null,v2.0.0,bem,2,Aluno,2,OTIMISMO,0,3,PAIX√ÉO,4,1,ALEGRIA,4,2,ESTUDO,false
81,f03df7aa-df25-438c-9a83-475f1b694e71,2025-09-25 22:47:42.949913+00,54,null,null,v2.0.0,otimista,2,Aluno,2,OTIMISMO,5,2,OTIMISMO,5,2,OTIMISMO,5,4,RELACIONAMENTO,false
80,acfe81e2-fed3-47f6-8b30-a67ffaba69df,2025-09-25 22:46:18.684296+00,50,null,null,v2.0.0,ansiosa,2,Aluno,6,ANSIEDADE,3,4,INDIFEREN√áA,3,6,ANSIEDADE,4,2,ESTUDO,false
79,c9e6f9a7-c01b-47ba-8765-b5f027c9dc33,2025-09-25 22:45:16.203286+00,39,null,null,v2.0.0,depressiva,2,Aluno,6,ANSIEDADE,0,5,RAIVA,0,7,TRISTEZA,0,2,ESTUDO,false
78,704c9ad2-6bce-43e5-9a7e-e9488bae72c4,2025-09-25 22:44:27.131686+00,66,null,null,v2.0.0,preocupada,2,Aluno,6,ANSIEDADE,3,4,INDIFEREN√áA,2,6,ANSIEDADE,2,2,ESTUDO,false
77,abe665ab-8210-4215-9fed-940d72ddd16e,2025-09-25 22:43:12.791783+00,51,null,null,v2.0.0,Preocupado.,2,Aluno,6,ANSIEDADE,4,1,ALEGRIA,3,6,ANSIEDADE,4,2,ESTUDO,false
76,6e6bf2fc-ed9c-4b13-809f-406b8ed6d464,2025-09-25 22:41:51.125141+00,77,null,null,v2.0.0,gripado,1,Professor,1,ALEGRIA,5,2,OTIMISMO,5,2,OTIMISMO,5,2,ESTUDO,false
75,96644762-6f26-47f2-92ab-7bb64a575729,2025-09-25 22:40:02.243917+00,169,null,null,v2.0.0,Alegre,1,Professor,1,ALEGRIA,5,3,PAIX√ÉO,5,6,ANSIEDADE,5,1,FAMILIA,false
74,77e8744c-82ba-4370-a688-ec73e0633d5b,2025-09-25 22:35:26.860142+00,34,null,null,v2.0.0,,2,Aluno,2,OTIMISMO,5,2,OTIMISMO,3,2,OTIMISMO,4,4,RELACIONAMENTO,false
73,b246672e-cc10-46d4-9af6-6d872f5d820b,2025-09-25 22:33:57.951721+00,64,null,null,v2.0.0,,2,Aluno,6,ANSIEDADE,3,1,ALEGRIA,3,1,ALEGRIA,3,2,ESTUDO,false
72,d0481e21-9934-422e-8f3f-8f774e1f566f,2025-09-25 22:30:04.636567+00,65,null,null,v2.0.0,estou bem. ansioso para uma prova,1,Professor,4,INDIFEREN√áA,3,1,ALEGRIA,3,1,ALEGRIA,4,1,FAMILIA,false
71,1be8cad9-e2f2-403c-af97-1fe7873f0102,2025-09-25 22:25:13.32663+00,31,null,null,v2.0.0,,2,Aluno,2,OTIMISMO,4,2,OTIMISMO,5,4,INDIFEREN√áA,3,2,ESTUDO,false
70,5a4dcf5b-4e27-4948-b613-454bfa5fdd33,2025-09-25 22:24:18.924327+00,61,null,null,v2.0.0,bem,2,Aluno,4,INDIFEREN√áA,3,1,ALEGRIA,4,2,OTIMISMO,4,2,ESTUDO,false
69,a480c44a-c48d-46b0-a461-48e18981af3a,2025-09-25 22:22:25.854095+00,102,null,null,v2.0.0,,2,Aluno,1,ALEGRIA,5,1,ALEGRIA,5,1,ALEGRIA,5,2,ESTUDO,false
68,cef4655f-4619-44c0-9862-3eafc29ed3d9,2025-09-25 22:20:17.247325+00,43,null,null,v2.0.0,,2,Aluno,5,RAIVA,5,6,ANSIEDADE,4,4,INDIFEREN√áA,3,3,TRABALHO,false
67,51f4cd64-1799-467e-a144-db35701a8601,2025-09-25 22:19:03.083774+00,55,null,null,v2.0.0,muito feliz,2,Aluno,1,ALEGRIA,5,1,ALEGRIA,5,1,ALEGRIA,5,4,RELACIONAMENTO,false
66,36ae699c-1cee-4465-93a2-520d524375fc,2025-09-25 22:17:24.483443+00,33,null,null,v2.0.0,,2,Aluno,3,PAIX√ÉO,0,2,OTIMISMO,0,1,ALEGRIA,0,4,RELACIONAMENTO,false
65,9651de27-44e1-4d94-91d2-c8b4774e7a01,2025-09-25 22:15:56.831844+00,148,null,null,v2.0.0,raiva pq o Mateus n vai no orienta,2,Aluno,5,RAIVA,5,4,INDIFEREN√áA,2,5,RAIVA,3,4,RELACIONAMENTO,false
64,e29bb38f-2602-4290-bc8f-317e47e3ae74,2025-09-25 22:10:15.614856+00,32,null,null,v2.0.0,meu chefe encheu o saco hoje e quase mandei ele toma no cu,2,Aluno,5,RAIVA,5,5,RAIVA,5,5,RAIVA,5,3,TRABALHO,false
63,553bf4ef-caab-4ef9-984f-04d308d9ad1a,2025-09-25 22:08:57.494229+00,115,null,null,v2.0.0,"Cansado, com fome, por√©m t√° top",1,Professor,2,OTIMISMO,4,4,INDIFEREN√áA,4,1,ALEGRIA,3,2,ESTUDO,false
62,2af26ec2-4fd4-4639-8da7-58bbc25031e5,2025-09-25 22:06:39.583328+00,63,null,null,v2.0.0,t√¥ amando o davi,2,Aluno,5,RAIVA,5,1,ALEGRIA,5,3,PAIX√ÉO,5,4,RELACIONAMENTO,false
61,7b0c9c55-cecd-4a26-b708-39b1452a2449,2025-09-25 22:04:53.625906+00,44,null,null,v2.0.0,normal,2,Aluno,4,INDIFEREN√áA,5,4,INDIFEREN√áA,5,4,INDIFEREN√áA,5,2,ESTUDO,false
60,15884998-f947-49c7-b60d-2e9e8df4f5c6,2025-09-25 22:03:25.595974+00,36,null,null,v2.0.0,Meio mal na vdd,2,Aluno,7,TRISTEZA,4,2,OTIMISMO,3,7,TRISTEZA,4,4,RELACIONAMENTO,false
59,3a0935d4-294b-40e7-af57-d8cac245cef8,2025-09-25 22:02:20.613591+00,141,null,null,v2.0.0,semana de provas,2,Aluno,6,ANSIEDADE,5,6,ANSIEDADE,5,6,ANSIEDADE,5,2,ESTUDO,false
58,2fa3a6b2-cb0b-43da-be35-c09e2c7a3b41,2025-09-25 21:59:44.604254+00,47,null,null,v2.0.0,estou viva,2,Aluno,6,ANSIEDADE,5,4,INDIFEREN√áA,3,6,ANSIEDADE,5,2,ESTUDO,false
57,0fb69363-baa4-4356-aa84-d0eccf2f1ae9,2025-09-25 21:58:42.193788+00,26,null,null,v2.0.0,,2,Aluno,2,OTIMISMO,2,4,INDIFEREN√áA,2,4,INDIFEREN√áA,3,4,RELACIONAMENTO,false
56,834ff505-81f5-4fd6-a6e4-e6b390322987,2025-09-25 21:57:58.885609+00,40,null,null,v2.0.0,,2,Aluno,2,OTIMISMO,5,1,ALEGRIA,4,1,ALEGRIA,4,2,ESTUDO,false
55,e10672b9-c2a3-42db-a0f7-b16126ab7a6a,2025-09-25 21:56:28.638923+00,72,null,null,v2.0.0,bem!,2,Aluno,3,PAIX√ÉO,4,2,OTIMISMO,4,1,ALEGRIA,4,1,FAMILIA,false
54,939bc826-1569-48d7-a795-e9ed4260856c,2025-09-25 21:54:57.996545+00,30,null,null,v2.0.0,barrola veado,2,Aluno,2,OTIMISMO,0,1,ALEGRIA,4,1,ALEGRIA,5,1,FAMILIA,false
53,845d6800-cbe8-4d2f-b2a3-890fc29ed66f,2025-09-18 20:37:29.711161+00,29,null,null,v2.0.0,maldito von,2,Aluno,4,INDIFEREN√áA,0,2,OTIMISMO,0,5,RAIVA,0,2,ESTUDO,false
52,fcb1a8ee-ce8d-43e0-8836-c958bdaa30fe,2025-09-18 20:03:48.367463+00,39,null,null,v2.0.0,irritado,2,Aluno,5,RAIVA,5,4,INDIFEREN√áA,5,5,RAIVA,5,2,ESTUDO,false
51,aa60b41b-1d50-4910-a76f-9836a0a5e58c,2025-09-18 19:01:35.588352+00,85,null,null,v2.0.0,Muito alegre,2,Aluno,1,ALEGRIA,5,1,ALEGRIA,3,4,INDIFEREN√áA,0,3,TRABALHO,false
50,217da20c-a2bf-4c15-9c4e-eeeec8384832,2025-09-18 18:59:22.071283+00,121,null,null,v2.0.0,,2,Aluno,2,OTIMISMO,0,4,INDIFEREN√áA,0,2,OTIMISMO,2,4,RELACIONAMENTO,false
49,520cd76f-e88d-4ae2-a3c8-fa00b8378c4e,2025-09-18 04:55:07.728599+00,51,null,null,v2.0.0,,2,Aluno,6,ANSIEDADE,2,7,TRISTEZA,4,2,OTIMISMO,3,3,TRABALHO,false
48,8e9c4906-023a-4539-986c-b7feaba1b762,2025-09-18 00:58:39.657445+00,38,null,null,v2.0.0,,1,Professor,4,INDIFEREN√áA,3,4,INDIFEREN√áA,2,4,INDIFEREN√áA,2,1,FAMILIA,false
47,18953e5e-55a5-4908-84bf-8abb04c7bf00,2025-09-18 00:55:00.240066+00,74,null,null,v2.0.0,,1,Professor,2,OTIMISMO,3,2,OTIMISMO,0,6,ANSIEDADE,2,2,ESTUDO,false
46,451641b1-356c-433a-b1a4-7ca9bfd2bbeb,2025-09-18 00:53:23.939836+00,29,null,null,v2.0.0,,2,Aluno,1,ALEGRIA,0,2,OTIMISMO,0,3,PAIX√ÉO,0,4,RELACIONAMENTO,false
45,9b35e2f8-9c30-4961-af1d-8e0dacc6f862,2025-09-18 00:52:35.22117+00,54,null,null,v2.0.0,,2,Aluno,2,OTIMISMO,4,2,OTIMISMO,3,4,INDIFEREN√áA,4,2,ESTUDO,false
44,ae87f8ba-78ed-4b65-8d18-cf352cc42949,2025-09-18 00:51:23.869339+00,73,null,null,v2.0.0,,2,Aluno,2,OTIMISMO,3,1,ALEGRIA,4,3,PAIX√ÉO,4,2,ESTUDO,false
43,2f9d7086-8e21-43dc-864b-ef2fce2de2d2,2025-09-18 00:49:53.177092+00,72,null,null,v2.0.0,"bem, por√©m, tentando n√£o pensar nas coisas negativas e aproveitar tudo de melhor do presente.",1,Professor,4,INDIFEREN√áA,5,4,INDIFEREN√áA,5,7,TRISTEZA,2,4,RELACIONAMENTO,false
42,4f2cdf49-4c52-40fc-90d9-bfdb3cad788c,2025-09-18 00:48:24.631561+00,73,null,null,v2.0.0,,2,Aluno,7,TRISTEZA,3,1,ALEGRIA,2,7,TRISTEZA,3,2,ESTUDO,false
41,7ef8abcb-4e08-4917-a4b4-34fefa894811,2025-09-18 00:46:59.222533+00,41,null,null,v2.0.0,,2,Aluno,2,OTIMISMO,3,1,ALEGRIA,3,6,ANSIEDADE,4,2,ESTUDO,false
40,f6ef6b35-460e-43ff-b120-97eab2bc50f3,2025-09-18 00:45:58.12414+00,47,null,null,v2.0.0,,2,Aluno,2,OTIMISMO,3,6,ANSIEDADE,2,2,OTIMISMO,3,2,ESTUDO,false
39,e507560e-4645-43dd-b7cb-4bef62408844,2025-09-18 00:44:57.788081+00,46,null,null,v2.0.0,,2,Aluno,2,OTIMISMO,4,1,ALEGRIA,4,6,ANSIEDADE,5,2,ESTUDO,false
38,31a0979a-b59b-429f-90dd-6e5a9fc44ab7,2025-09-18 00:43:54.75073+00,30,null,null,v2.0.0,raiva,2,Aluno,5,RAIVA,5,5,RAIVA,5,5,RAIVA,5,4,RELACIONAMENTO,false
37,e177c85b-3880-4a85-be27-6e0ec33ede54,2025-09-18 00:35:17.218479+00,57,null,null,v2.0.0,xuxu blz,1,Professor,1,ALEGRIA,0,1,ALEGRIA,0,1,ALEGRIA,0,1,FAMILIA,false
36,ebd951c8-5b92-4ffb-8ca1-5e74af755365,2025-09-18 00:33:58.315826+00,73,null,null,v2.0.0,t√¥ tranquilo,2,Aluno,1,ALEGRIA,3,2,OTIMISMO,3,4,INDIFEREN√áA,5,4,RELACIONAMENTO,false
35,82c47062-4a6c-4f1b-ba1c-ab5607769dbd,2025-09-18 00:32:21.938555+00,21,null,null,v2.0.0,,2,Aluno,1,ALEGRIA,0,2,OTIMISMO,0,3,PAIX√ÉO,0,4,RELACIONAMENTO,false
34,02886a56-8ede-4d83-a430-36281d677882,2025-09-18 00:31:36.565253+00,40,null,null,v2.0.0,Davi me deixa puto,2,Aluno,3,PAIX√ÉO,5,5,RAIVA,5,5,RAIVA,5,4,RELACIONAMENTO,false
33,c1032dd7-bf68-48b0-bd37-a18a052e0704,2025-09-18 00:30:44.913529+00,37,null,null,v2.0.0,,2,Aluno,1,ALEGRIA,3,4,INDIFEREN√áA,2,1,ALEGRIA,3,2,ESTUDO,false
32,bf53fcd9-4700-4008-a550-6b4cfadb25f2,2025-09-18 00:29:45.973306+00,102,null,null,v2.0.0,"estou me sentindo feliz, realizada com minha vida.",1,Professor,1,ALEGRIA,5,1,ALEGRIA,5,6,ANSIEDADE,5,3,TRABALHO,false
31,9206bb8a-6e20-461e-b2bb-d8fae02598a9,2025-09-18 00:27:40.897692+00,52,null,null,v2.0.0,normal,2,Aluno,4,INDIFEREN√áA,2,2,OTIMISMO,4,2,OTIMISMO,5,4,RELACIONAMENTO,false
30,1e3e52ce-ee91-4a68-9e39-ca92a3136911,2025-09-18 00:26:33.092907+00,65,null,null,v2.0.0,,2,Aluno,2,OTIMISMO,5,2,OTIMISMO,5,1,ALEGRIA,5,2,ESTUDO,false
29,0576025b-9f4f-403a-8135-654a6ba4bb28,2025-09-18 00:24:11.983356+00,62,null,null,v2.0.0,,2,Aluno,2,OTIMISMO,4,1,ALEGRIA,4,6,ANSIEDADE,4,4,RELACIONAMENTO,false
28,e3ec7ff1-ff73-490f-86aa-d430a1963ff1,2025-09-18 00:22:54.176072+00,50,null,null,v2.0.0,Hoje foi um dia sem nada especial,2,Aluno,4,INDIFEREN√áA,2,6,ANSIEDADE,1,4,INDIFEREN√áA,3,2,ESTUDO,false
27,e408fe01-c92e-473d-888b-7fa3d557b42d,2025-09-18 00:21:41.79378+00,29,null,null,v2.0.0,,2,Aluno,4,INDIFEREN√áA,3,2,OTIMISMO,3,5,RAIVA,3,4,RELACIONAMENTO,false
26,c1752eed-718e-48b8-b2fc-4f070c336480,2025-09-18 00:21:01.285325+00,32,null,null,v2.0.0,,2,Aluno,1,ALEGRIA,4,1,ALEGRIA,4,1,ALEGRIA,4,4,RELACIONAMENTO,false
25,30218ade-b030-465e-88a4-dfbb8ec9d54e,2025-09-18 00:20:13.014268+00,49,null,null,v2.0.0,agora estou neutra,2,Aluno,6,ANSIEDADE,3,4,INDIFEREN√áA,5,7,TRISTEZA,5,4,RELACIONAMENTO,false
24,851f33e4-c1dc-4708-bd9f-aff71ccb405b,2025-09-18 00:19:06.781397+00,83,null,null,v2.0.0,"semana de provas est√° chegando, ent√£o costumo ficar muito ansiosa com as provas o que acaba prejudicando meu desempenho na maior parte das vezes.",2,Aluno,6,ANSIEDADE,5,6,ANSIEDADE,3,4,INDIFEREN√áA,4,2,ESTUDO,false
23,22ec524d-cce9-455d-85fb-6b2397f6ee5c,2025-09-18 00:17:22.573871+00,33,null,null,v2.0.0,,2,Aluno,4,INDIFEREN√áA,4,4,INDIFEREN√áA,4,4,INDIFEREN√áA,4,2,ESTUDO,false
22,663076d2-49a0-4e5a-a0cd-013d2727b00c,2025-09-18 00:16:41.822439+00,16,null,null,v2.0.0,,2,Aluno,4,INDIFEREN√áA,3,4,INDIFEREN√áA,3,6,ANSIEDADE,3,3,TRABALHO,false
21,282b9a69-728c-4bac-8395-156b07c0f031,2025-09-18 00:15:33.924318+00,38,null,null,v2.0.0,,2,Aluno,1,ALEGRIA,3,2,OTIMISMO,3,1,ALEGRIA,3,1,FAMILIA,false
20,15255388-8b82-462e-80f4-2ca73d19ac06,2025-09-18 00:14:19.262701+00,32,null,null,v2.0.0,,2,Aluno,2,OTIMISMO,2,2,OTIMISMO,4,4,INDIFEREN√áA,3,2,ESTUDO,false
19,fbc8a1ba-44bd-4ff3-b3e0-cb4868fdcbcc,2025-09-18 00:13:15.160848+00,53,null,null,v2.0.0,"Mal, n√£o corri 5km hoje",2,Aluno,4,INDIFEREN√áA,5,4,INDIFEREN√áA,0,3,PAIX√ÉO,5,1,FAMILIA,false
18,ce3aece2-333d-4675-a1b3-c3f11a33137b,2025-09-18 00:12:05.500598+00,46,null,null,v2.0.0,,2,Aluno,2,OTIMISMO,3,6,ANSIEDADE,3,4,INDIFEREN√áA,3,2,ESTUDO,false
17,21af3a39-f8cb-496c-afa3-05cc85107997,2025-09-17 21:08:48.829341+00,80,null,null,v2.0.0,cansado,2,Aluno,4,INDIFEREN√áA,4,6,ANSIEDADE,3,6,ANSIEDADE,5,2,ESTUDO,false
16,56d5cb86-a202-4aed-96cd-71dcd227261e,2025-09-17 00:21:22.655584+00,46,null,null,v2.0.0,estou me sentindo ansioso e perdido,2,Aluno,6,ANSIEDADE,4,2,OTIMISMO,3,6,ANSIEDADE,3,2,ESTUDO,false
15,e30b2492-c149-4a40-a7ad-4c310cf777a2,2025-09-17 00:20:25.281043+00,701,null,null,v2.0.0,"um pouco sobrecarregado, dificuldade em conciliar as demandas da faculdade e trabalho.",2,Aluno,4,INDIFEREN√áA,1,6,ANSIEDADE,2,1,ALEGRIA,2,3,TRABALHO,false
14,7cfa845d-4a0e-4262-9414-2e3598fbf0c2,2025-09-17 00:07:37.596163+00,39,null,null,v2.0.0,To puto pq n√£o corri 5km,2,Aluno,5,RAIVA,5,5,RAIVA,5,5,RAIVA,4,3,TRABALHO,false
13,f38872de-d78b-4342-9365-8df8dde13c01,2025-09-17 00:06:19.412406+00,71,null,null,v2.0.0,,2,Aluno,4,INDIFEREN√áA,3,4,INDIFEREN√áA,4,6,ANSIEDADE,4,3,TRABALHO,false
12,a4c756d1-c0ae-4eaa-8703-16861db967bf,2025-09-17 00:04:40.751989+00,111,null,null,v2.0.0,indiferente,2,Aluno,2,OTIMISMO,4,4,INDIFEREN√áA,4,4,INDIFEREN√áA,5,2,ESTUDO,false
11,84f5e878-45a6-4667-a9a8-71f78df34633,2025-09-17 00:02:25.025343+00,45,null,null,v2.0.0,,2,Aluno,4,INDIFEREN√áA,4,1,ALEGRIA,5,1,ALEGRIA,5,3,TRABALHO,false
10,27655ab2-b90b-4189-9495-c1d7d0162b0c,2025-09-17 00:00:59.492786+00,61,null,null,v2.0.0,top,2,Aluno,2,OTIMISMO,4,4,INDIFEREN√áA,3,1,ALEGRIA,3,3,TRABALHO,false
9,4cc193af-1b90-433c-9436-3065a9f4dffa,2025-09-16 23:59:18.529941+00,72,null,null,v2.0.0,"De saco cheio eu acho, e com medo do futuro",2,Aluno,4,INDIFEREN√áA,5,6,ANSIEDADE,3,6,ANSIEDADE,2,2,ESTUDO,false
8,d810e6b3-35c6-4d69-ac66-f5cdb4520ef9,2025-09-16 23:57:31.066503+00,73,null,null,v2.0.0,estou preocupado com o projeto integrador,2,Aluno,4,INDIFEREN√áA,4,1,ALEGRIA,5,3,PAIX√ÉO,3,4,RELACIONAMENTO,false
7,10e4214f-3640-4607-bcb4-562e7464a786,2025-09-16 23:56:01.016211+00,113,null,null,v2.0.0,,2,Aluno,2,OTIMISMO,5,1,ALEGRIA,5,2,OTIMISMO,5,2,ESTUDO,false
6,eb99058a-7054-4675-94bc-b667e957bed4,2025-09-16 23:53:50.480625+00,43,null,null,v2.0.0,,2,Aluno,1,ALEGRIA,4,2,OTIMISMO,4,1,ALEGRIA,5,2,ESTUDO,false
5,92d46b75-e40a-44c0-b1aa-625f22cccc69,2025-09-16 23:52:48.273463+00,40,null,null,v2.0.0,,2,Aluno,2,OTIMISMO,3,4,INDIFEREN√áA,2,1,ALEGRIA,3,4,RELACIONAMENTO,false
4,ff383bd8-e905-4ac1-a558-530a554d41f6,2025-09-16 23:51:53.763083+00,118,null,null,v2.0.0,um pouco ansiosa com a semana de provas.,2,Aluno,7,TRISTEZA,0,6,ANSIEDADE,0,4,INDIFEREN√áA,4,2,ESTUDO,false
3,65eaf0d9-0fe3-496a-b4f2-70b8a15f27be,2025-09-16 23:49:41.242783+00,28,null,null,v2.0.0,alegre,2,Aluno,2,OTIMISMO,0,1,ALEGRIA,0,3,PAIX√ÉO,0,4,RELACIONAMENTO,false
2,e7cad044-8c43-44dc-bfab-2c7f92131aa7,2025-09-16 23:48:06.607682+00,59,null,null,v2.0.0,,2,Aluno,4,INDIFEREN√áA,2,2,OTIMISMO,2,2,OTIMISMO,3,2,ESTUDO,false
1,6aa76be7-2257-40d1-bd40-68745c8367e4,2025-09-15 22:23:18.069185+00,15,null,null,v2.0.0,jsnababab,1,Professor,3,PAIX√ÉO,3,1,ALEGRIA,0,1,ALEGRIA,3,4,RELACIONAMENTO,false